{"stats":{"minecraft:picked_up":{"minecraft:oak_log":2,"minecraft:oak_sapling":1,"minecraft:dark_oak_log":2,"minecraft:dirt":37,"minecraft:cobblestone":3},"minecraft:mined":{"minecraft:grass":1,"minecraft:tall_seagrass":1,"minecraft:grass_block":1,"minecraft:birch_leaves":2,"minecraft:oak_leaves":4},"minecraft:custom":{"minecraft:time_since_rest":8790,"minecraft:crouch_one_cm":84,"minecraft:sprint_one_cm":85010,"minecraft:play_time":18660,"minecraft:damage_taken":830,"minecraft:deaths":3,"minecraft:walk_one_cm":33397,"minecraft:sneak_time":32,"minecraft:walk_under_water_one_cm":2541,"minecraft:mob_kills":1,"minecraft:jump":393,"minecraft:damage_dealt":264,"minecraft:leave_game":4,"minecraft:walk_on_water_one_cm":3462,"minecraft:time_since_death":8765,"minecraft:total_world_time":18660,"minecraft:swim_one_cm":42491,"minecraft:fall_one_cm":9380,"minecraft:fly_one_cm":74740},"minecraft:killed":{"minecraft:zombie":1},"minecraft:used":{"minecraft:oak_log":2,"minecraft:dirt":1,"alexsmobs:animal_dictionary":1},"minecraft:killed_by":{"minecraft:skeleton":1}},"DataVersion":3120}