{"stats":{"minecraft:picked_up":{"minecraft:oak_log":2,"minecraft:oak_sapling":1,"minecraft:dark_oak_log":2,"minecraft:dirt":37,"minecraft:cobblestone":3},"minecraft:used":{"minecraft:oak_log":2,"minecraft:dirt":1,"alexsmobs:animal_dictionary":1},"minecraft:custom":{"minecraft:time_since_rest":212,"minecraft:sprint_one_cm":62196,"minecraft:play_time":10082,"minecraft:deaths":3,"minecraft:damage_taken":695,"minecraft:walk_one_cm":24320,"minecraft:sneak_time":13,"minecraft:walk_under_water_one_cm":1292,"minecraft:jump":300,"minecraft:damage_dealt":120,"minecraft:leave_game":3,"minecraft:walk_on_water_one_cm":2846,"minecraft:time_since_death":187,"minecraft:total_world_time":10082,"minecraft:swim_one_cm":32705,"minecraft:fall_one_cm":8217,"minecraft:fly_one_cm":58266},"minecraft:killed_by":{"minecraft:skeleton":1},"minecraft:mined":{"minecraft:grass":1,"minecraft:grass_block":1,"minecraft:tall_seagrass":1,"minecraft:birch_leaves":2,"minecraft:oak_leaves":4}},"DataVersion":3120}