{"stats":{"minecraft:used":{"minecraft:oak_log":2,"minecraft:dirt":4,"alexsmobs:animal_dictionary":1},"minecraft:mined":{"minecraft:grass":1,"minecraft:tall_seagrass":2,"minecraft:grass_block":3,"minecraft:dirt":1,"byg:prairie_grass":3,"minecraft:birch_leaves":4,"byg:tall_prairie_grass":3,"minecraft:oak_leaves":4},"minecraft:custom":{"minecraft:time_since_rest":3180,"minecraft:crouch_one_cm":84,"minecraft:sprint_one_cm":118302,"minecraft:play_time":27037,"minecraft:damage_taken":1165,"minecraft:deaths":5,"minecraft:walk_one_cm":41108,"minecraft:sneak_time":32,"minecraft:walk_under_water_one_cm":4827,"minecraft:mob_kills":1,"minecraft:jump":655,"minecraft:damage_dealt":274,"minecraft:leave_game":5,"minecraft:time_since_death":3140,"minecraft:walk_on_water_one_cm":12397,"minecraft:total_world_time":27037,"minecraft:swim_one_cm":87660,"minecraft:talked_to_villager":1,"minecraft:fall_one_cm":18046,"minecraft:fly_one_cm":136915},"minecraft:picked_up":{"minecraft:oak_log":2,"minecraft:oak_sapling":1,"minecraft:dark_oak_log":2,"minecraft:dirt":40,"minecraft:cobblestone":3},"minecraft:killed_by":{"minecraft:skeleton":2,"alexsmobs:skelewag":1},"minecraft:killed":{"minecraft:zombie":1}},"DataVersion":3120}