{"stats":{"minecraft:used":{"minecraft:oak_log":2,"minecraft:dirt":4,"minecraft:dark_oak_log":5,"alexsmobs:animal_dictionary":1},"minecraft:mined":{"minecraft:dark_oak_fence":2,"minecraft:grass":2,"minecraft:tall_seagrass":2,"minecraft:grass_block":3,"minecraft:dirt":1,"byg:prairie_grass":3,"minecraft:birch_leaves":4,"minecraft:oak_leaves":4,"byg:tall_prairie_grass":3},"minecraft:killed":{"minecraft:zombie":1},"minecraft:killed_by":{"minecraft:skeleton":2,"alexsmobs:skelewag":1,"minecraft:pillager":1},"minecraft:picked_up":{"minecraft:oak_log":2,"minecraft:oak_sapling":1,"minecraft:dark_oak_fence":2,"minecraft:dark_oak_log":2,"minecraft:cobblestone":3,"minecraft:dirt":40},"minecraft:custom":{"minecraft:open_chest":2,"minecraft:time_since_rest":340,"minecraft:play_time":37664,"minecraft:crouch_one_cm":4487,"minecraft:sprint_one_cm":127614,"minecraft:damage_taken":1345,"minecraft:walk_one_cm":65638,"minecraft:deaths":6,"minecraft:sneak_time":1023,"minecraft:walk_under_water_one_cm":4827,"minecraft:mob_kills":1,"minecraft:jump":725,"minecraft:damage_dealt":284,"minecraft:leave_game":6,"minecraft:time_since_death":309,"minecraft:walk_on_water_one_cm":12397,"minecraft:total_world_time":37664,"minecraft:swim_one_cm":87660,"minecraft:fly_one_cm":155250,"minecraft:talked_to_villager":1,"minecraft:fall_one_cm":20954}},"DataVersion":3120}