{"stats":{"minecraft:killed_by":{"minecraft:zombie":1},"minecraft:custom":{"minecraft:jump":210,"minecraft:time_since_rest":1192,"minecraft:leave_game":1,"minecraft:deaths":1,"minecraft:walk_on_water_one_cm":3389,"minecraft:sprint_one_cm":24577,"minecraft:play_time":6462,"minecraft:damage_taken":245,"minecraft:time_since_death":1162,"minecraft:walk_one_cm":9276,"minecraft:total_world_time":6462,"minecraft:walk_under_water_one_cm":330,"minecraft:swim_one_cm":7053,"minecraft:drop":2,"minecraft:fall_one_cm":7871,"minecraft:fly_one_cm":37101},"minecraft:dropped":{"minecraft:wheat_seeds":2},"minecraft:picked_up":{"minecraft:moss_block":1,"minecraft:wheat_seeds":2,"minecraft:moss_carpet":1},"minecraft:mined":{"minecraft:moss_block":1},"minecraft:used":{"minecraft:moss_block":1}},"DataVersion":3120}