{
  "betterdungeons:root": {
    "criteria": {
      "always": "2024-06-12 02:12:35 +0000"
    },
    "done": true
  },
  "betterdeserttemples:root": {
    "criteria": {
      "always": "2024-06-12 02:12:35 +0000"
    },
    "done": true
  },
  "create:root": {
    "criteria": {
      "0": "2024-06-12 23:15:04 +0000"
    },
    "done": true
  },
  "minecraft:husbandry/root": {
    "criteria": {
      "consumed_item": "2024-06-12 00:25:42 +0000"
    },
    "done": true
  },
  "minecraft:adventure/kill_a_mob": {
    "criteria": {
      "minecraft:zombie": "2024-06-12 02:44:52 +0000"
    },
    "done": true
  },
  "minecraft:adventure/kill_all_mobs": {
    "criteria": {
      "minecraft:zombie": "2024-06-12 02:44:52 +0000"
    },
    "done": false
  },
  "alexsmobs:alexsmobs/root": {
    "criteria": {
      "useitem": "2024-06-12 00:25:42 +0000"
    },
    "done": true
  },
  "dungeons_arise:wda_root": {
    "criteria": {
      "WDA": "2024-06-12 23:14:07 +0000"
    },
    "done": true
  },
  "byg:root": {
    "criteria": {
      "tick": "2024-06-12 03:34:49 +0000"
    },
    "done": true
  },
  "byg:adventure/oh_the_biomes_youll_go": {
    "criteria": {
      "byg:allium_fields": "2024-06-12 03:40:45 +0000",
      "byg:prairie": "2024-06-12 03:41:09 +0000",
      "byg:basalt_barrera": "2024-06-12 03:40:38 +0000"
    },
    "done": false
  },
  "minecraft:story/mine_stone": {
    "criteria": {
      "get_stone": "2024-06-12 02:13:32 +0000"
    },
    "done": true
  },
  "minecraft:adventure/root": {
    "criteria": {
      "killed_by_something": "2024-06-12 02:13:34 +0000"
    },
    "done": true
  },
  "majruszsdifficulty:bleeding": {
    "criteria": {
      "bleeding_applied": "2024-06-12 02:44:33 +0000"
    },
    "done": true
  },
  "minecraft:adventure/adventuring_time": {
    "criteria": {
      "minecraft:deep_ocean": "2024-06-12 03:39:09 +0000",
      "minecraft:birch_forest": "2024-06-12 02:13:53 +0000",
      "minecraft:beach": "2024-06-12 00:25:41 +0000",
      "minecraft:dark_forest": "2024-06-12 00:25:20 +0000",
      "minecraft:river": "2024-06-12 00:36:31 +0000",
      "minecraft:forest": "2024-06-12 03:39:52 +0000",
      "minecraft:lush_caves": "2024-06-12 00:37:31 +0000",
      "minecraft:ocean": "2024-06-12 03:36:55 +0000",
      "minecraft:old_growth_birch_forest": "2024-06-12 00:25:14 +0000",
      "minecraft:plains": "2024-06-12 03:40:11 +0000"
    },
    "done": false
  },
  "majruszsdifficulty:game_stage_normal": {
    "criteria": {
      "is_triggered": "2024-06-12 02:38:23 +0000"
    },
    "done": true
  },
  "DataVersion": 3120
}