{
  "tombstone:adventure/neighborhood_brawl": {
    "criteria": {
      "coded_trigger": "2024-05-15 14:44:07 -0500"
    },
    "done": true
  },
  "the_bumblezone:the_bumblezone/teleportation/is_near_beehive": {
    "criteria": {
      "is_near_beehive": "2024-05-16 17:02:10 -0500"
    },
    "done": true
  },
  "the_bumblezone:the_bumblezone/teleportation/teleport_to_bumblezone_pearl": {
    "criteria": {
      "teleport_to_bumblezone_pearl": "2024-06-08 15:49:40 -0500"
    },
    "done": true
  },
  "minecraft:nether/obtain_crying_obsidian": {
    "criteria": {
      "crying_obsidian": "2024-06-08 17:06:55 -0500"
    },
    "done": true
  },
  "tombstone:adventure/ashes_and_bones": {
    "criteria": {
      "coded_trigger": "2024-05-15 16:14:26 -0500"
    },
    "done": true
  },
  "minecraft:husbandry/tactical_fishing": {
    "criteria": {
      "upgrade_aquatic:pike_bucket": "2024-05-15 15:42:05 -0500"
    },
    "done": true
  },
  "create:copper": {
    "criteria": {
      "0": "2024-06-01 16:30:49 -0500"
    },
    "done": true
  },
  "minecraft:nether/root": {
    "criteria": {
      "entered_nether": "2024-06-08 16:32:26 -0500"
    },
    "done": true
  },
  "upgrade_aquatic:husbandry/collect_all_pike": {
    "criteria": {
      "12": "2024-05-15 15:42:05 -0500"
    },
    "done": false
  },
  "alexsmobs:alexsmobs/banana_slug": {
    "criteria": {
      "killed": "2024-05-16 18:16:56 -0500"
    },
    "done": true
  },
  "nourished_nether:nourished_nether_root": {
    "criteria": {
      "nourished_nether_root": "2024-06-08 16:32:26 -0500"
    },
    "done": true
  },
  "minecraft:adventure/hero_of_the_village": {
    "criteria": {
      "hero_of_the_village": "2024-05-16 18:06:48 -0500"
    },
    "done": true
  },
  "minecraft:nether/find_fortress": {
    "criteria": {
      "in_better_fortress": "2024-06-08 17:56:36 -0500"
    },
    "done": true
  },
  "idas:bearclaw_inn": {
    "criteria": {
      "in_bearclaw_inn": "2024-05-16 18:27:35 -0500"
    },
    "done": true
  },
  "minecraft:story/shiny_gear": {
    "criteria": {
      "diamond_boots": "2024-05-15 16:30:33 -0500"
    },
    "done": true
  },
  "regions_unexplored:got_wood": {
    "criteria": {
      "larch_log": "2024-05-16 16:39:10 -0500",
      "maple_log": "2024-05-15 15:13:14 -0500"
    },
    "done": false
  },
  "tombstone:adventure/mutual_aid": {
    "criteria": {
      "coded_trigger": "2024-06-08 18:15:18 -0500"
    },
    "done": true
  },
  "tombstone:adventure/cancel_ghostly_shape": {
    "criteria": {
      "coded_trigger": "2024-05-15 13:04:09 -0500"
    },
    "done": true
  },
  "the_bumblezone:the_bumblezone/teleportation/teleport_out_of_bumblezone": {
    "criteria": {
      "teleport_out_of_bumblezone": "2024-06-08 15:57:12 -0500"
    },
    "done": true
  },
  "betterdungeons:skeleton_dungeon": {
    "criteria": {
      "in_better_skeleton_dungeon": "2024-06-01 13:26:33 -0500"
    },
    "done": true
  },
  "minecraft:story/deflect_arrow": {
    "criteria": {
      "deflected_projectile": "2024-06-08 10:33:02 -0500"
    },
    "done": true
  },
  "quark:get_all_corundum": {
    "criteria": {
      "yellow": "2024-06-08 15:01:15 -0500"
    },
    "done": false
  },
  "betterdungeons:all_dungeons": {
    "criteria": {
      "in_better_spider_dungeon": "2024-05-15 15:02:32 -0500",
      "in_better_skeleton_dungeon": "2024-06-01 13:26:33 -0500"
    },
    "done": false
  },
  "autumnity:husbandry/cure_foul_taste": {
    "criteria": {
      "cure_foul_taste": "2024-05-16 17:45:11 -0500"
    },
    "done": true
  },
  "majruszsdifficulty:bleeding_inflicted": {
    "criteria": {
      "bleeding_applied": "2024-05-15 15:21:12 -0500"
    },
    "done": true
  },
  "tombstone:adventure/root": {
    "criteria": {
      "auto": "2024-05-15 00:07:59 -0500"
    },
    "done": true
  },
  "tombstone:adventure/bone_crusher": {
    "criteria": {
      "coded_trigger": "2024-05-15 18:04:48 -0500"
    },
    "done": true
  },
  "cataclysm:root": {
    "criteria": {
      "custom_test_name": "2024-05-15 00:07:58 -0500"
    },
    "done": true
  },
  "tombstone:adventure/chain_death": {
    "criteria": {
      "coded_trigger": "2024-06-08 11:21:07 -0500"
    },
    "done": true
  },
  "tombstone:adventure/find_grave_dust": {
    "criteria": {
      "from_undead": "2024-05-15 17:23:54 -0500"
    },
    "done": true
  },
  "alexsmobs:alexsmobs/skelewag": {
    "criteria": {
      "killed_by": "2024-06-06 21:29:46 -0500"
    },
    "done": true
  },
  "awesomedungeonocean:ocean_ruin_pillager/find_normal": {
    "criteria": {
      "requirement": "2024-06-08 10:28:25 -0500"
    },
    "done": true
  },
  "the_bumblezone:the_bumblezone/honey_bucket/obtain_honey_bucket": {
    "criteria": {
      "obtain_honey_bucket": "2024-05-17 22:34:59 -0500"
    },
    "done": true
  },
  "majruszsdifficulty:game_stage_expert": {
    "criteria": {
      "is_triggered": "2024-06-08 15:49:50 -0500"
    },
    "done": true
  },
  "minecraft:husbandry/balanced_diet": {
    "criteria": {
      "beef": "2024-05-16 16:20:01 -0500",
      "neapolitan:banana": "2024-05-15 18:42:29 -0500",
      "rabbit": "2024-05-15 15:04:59 -0500",
      "cookie": "2024-06-01 15:39:54 -0500",
      "rabbit_stew": "2024-06-01 10:59:58 -0500",
      "environmental:venison": "2024-05-15 14:52:51 -0500",
      "bread": "2024-05-15 13:21:12 -0500",
      "golden_apple": "2024-05-15 17:42:50 -0500",
      "rotten_flesh": "2024-05-15 17:08:53 -0500",
      "cooked_porkchop": "2024-06-08 17:12:52 -0500",
      "porkchop": "2024-05-15 18:50:47 -0500",
      "upgrade_aquatic:mulberry": "2024-05-15 18:37:46 -0500",
      "salmon": "2024-05-16 16:49:29 -0500",
      "cooked_chicken": "2024-05-16 18:27:09 -0500",
      "chicken": "2024-05-16 16:59:11 -0500",
      "environmental:cooked_venison": "2024-05-15 16:15:01 -0500",
      "sweet_berries": "2024-05-15 16:19:27 -0500",
      "apple": "2024-06-08 11:00:45 -0500",
      "cooked_cod": "2024-05-15 15:11:52 -0500",
      "supplementaries:candy": "2024-06-01 16:29:29 -0500",
      "pumpkin_pie": "2024-05-17 22:50:54 -0500",
      "golden_carrot": "2024-06-08 19:07:23 -0500",
      "autumnity:foul_berries": "2024-05-16 17:45:03 -0500"
    },
    "done": false
  },
  "tombstone:recipes/from_grave_key": {
    "criteria": {
      "has_ingredient": "2024-05-15 13:03:44 -0500"
    },
    "done": true
  },
  "alexsmobs:alexsmobs/banana": {
    "criteria": {
      "banana": "2024-05-15 18:42:26 -0500"
    },
    "done": true
  },
  "tombstone:adventure/teleport_to_grave": {
    "criteria": {
      "coded_trigger": "2024-06-01 11:05:44 -0500"
    },
    "done": true
  },
  "regions_unexplored:regions_explored": {
    "criteria": {
      "silver_birch_forest": "2024-06-01 10:46:34 -0500",
      "shrubland": "2024-05-15 15:27:18 -0500",
      "pine_taiga": "2024-06-01 11:49:12 -0500",
      "autumnal_maple_forest": "2024-05-15 15:24:07 -0500",
      "muddy_river": "2024-05-15 14:56:07 -0500",
      "willow_forest": "2024-06-06 20:25:50 -0500",
      "grassy_beach": "2024-06-06 22:54:32 -0500",
      "blackwood_taiga": "2024-06-01 11:53:39 -0500",
      "rocky_meadow": "2024-06-06 21:46:18 -0500",
      "ochard": "2024-06-08 11:14:27 -0500",
      "highland_fields": "2024-06-06 21:46:49 -0500",
      "maple_forest": "2024-05-15 15:11:48 -0500",
      "magnolia_highlands": "2024-06-01 10:56:37 -0500",
      "boreal_forest": "2024-05-15 13:13:53 -0500",
      "blackstone_basin": "2024-06-08 18:29:25 -0500",
      "bamboo_forest": "2024-06-06 22:55:39 -0500",
      "temperate_grove": "2024-05-15 15:28:42 -0500",
      "cold_river": "2024-05-15 15:30:39 -0500",
      "gravel_beach": "2024-05-15 15:32:30 -0500",
      "golden_boreal_taiga": "2024-05-15 14:54:47 -0500",
      "bioshroom_caves": "2024-06-01 13:37:08 -0500"
    },
    "done": false
  },
  "biomesoplenty:biomesoplenty/root": {
    "criteria": {
      "maple_woods": "2024-05-15 00:07:59 -0500"
    },
    "done": true
  },
  "the_bumblezone:the_bumblezone/wiki": {
    "criteria": {
      "instant_granted": "2024-05-15 15:59:30 -0500"
    },
    "done": true
  },
  "savage_and_ravage:adventure/creeper_spores": {
    "criteria": {
      "creeper_spores": "2024-05-15 16:17:16 -0500"
    },
    "done": true
  },
  "minecraft:story/iron_tools": {
    "criteria": {
      "iron_pickaxe": "2024-05-15 16:46:38 -0500"
    },
    "done": true
  },
  "upgrade_aquatic:adventure/tooth_fairy": {
    "criteria": {
      "thrasher_tooth": "2024-06-08 11:14:14 -0500"
    },
    "done": true
  },
  "awesomedungeonocean:ocean_the_column_temple/find_during_rain": {
    "criteria": {
      "requirement": "2024-06-06 23:25:13 -0500"
    },
    "done": true
  },
  "alexsmobs:alexsmobs/murmur": {
    "criteria": {
      "killed_by": "2024-06-01 16:27:58 -0500"
    },
    "done": true
  },
  "tombstone:adventure/first_grave": {
    "criteria": {
      "coded_trigger": "2024-05-15 13:03:29 -0500"
    },
    "done": true
  },
  "minecraft:story/root": {
    "criteria": {
      "crafting_table": "2024-05-15 15:35:21 -0500"
    },
    "done": true
  },
  "dungeons_arise:find_greenwood_pub": {
    "criteria": {
      "location0": "2024-05-17 22:57:51 -0500"
    },
    "done": true
  },
  "regions_unexplored:pioneer": {
    "criteria": {
      "silver_birch_forest": "2024-06-01 10:46:34 -0500",
      "shrubland": "2024-05-15 15:27:18 -0500",
      "pine_taiga": "2024-06-01 11:49:12 -0500",
      "autumnal_maple_forest": "2024-05-15 15:24:07 -0500",
      "muddy_river": "2024-05-15 14:56:07 -0500",
      "willow_forest": "2024-06-06 20:25:50 -0500",
      "grassy_beach": "2024-06-06 22:54:32 -0500",
      "blackwood_taiga": "2024-06-01 11:53:39 -0500",
      "rocky_meadow": "2024-06-06 21:46:18 -0500",
      "ochard": "2024-06-08 11:14:27 -0500",
      "highland_fields": "2024-06-06 21:46:49 -0500",
      "maple_forest": "2024-05-15 15:11:48 -0500",
      "magnolia_highlands": "2024-06-01 10:56:37 -0500",
      "boreal_forest": "2024-05-15 13:13:53 -0500",
      "bamboo_forest": "2024-06-06 22:55:39 -0500",
      "temperate_grove": "2024-05-15 15:28:42 -0500",
      "cold_river": "2024-05-15 15:30:39 -0500",
      "gravel_beach": "2024-05-15 15:32:30 -0500",
      "golden_boreal_taiga": "2024-05-15 14:54:47 -0500"
    },
    "done": false
  },
  "environmental:adventure/obtain_explorer_gear": {
    "criteria": {
      "healer_pouch": "2024-05-15 16:39:45 -0500"
    },
    "done": true
  },
  "tombstone:adventure/fortuitous_militia": {
    "criteria": {
      "coded_trigger": "2024-05-16 17:42:52 -0500"
    },
    "done": true
  },
  "minecraft:adventure/totem_of_undying": {
    "criteria": {
      "used_totem": "2024-05-16 17:57:17 -0500"
    },
    "done": true
  },
  "minecraft:story/form_obsidian": {
    "criteria": {
      "obsidian": "2024-06-06 21:52:00 -0500"
    },
    "done": true
  },
  "dungeons_arise:find_typhon": {
    "criteria": {
      "location0": "2024-06-08 15:46:36 -0500"
    },
    "done": true
  },
  "idas:idas_root": {
    "criteria": {
      "always": "2024-05-15 00:07:58 -0500"
    },
    "done": true
  },
  "alexsmobs:alexsmobs/crocodile": {
    "criteria": {
      "killed_by": "2024-06-01 10:48:42 -0500"
    },
    "done": true
  },
  "betterdungeons:root": {
    "criteria": {
      "always": "2024-05-15 00:07:58 -0500"
    },
    "done": true
  },
  "minecraft:adventure/kill_a_mob": {
    "criteria": {
      "minecraft:enderman": "2024-05-15 13:12:04 -0500"
    },
    "done": true
  },
  "alexsmobs:alexsmobs/seagull_steal": {
    "criteria": {
      "ex": "2024-05-15 14:52:21 -0500"
    },
    "done": true
  },
  "dungeons_arise:find_bathhouse": {
    "criteria": {
      "location0": "2024-06-01 14:34:35 -0500"
    },
    "done": true
  },
  "alexsmobs:alexsmobs/orcas_might": {
    "criteria": {
      "all_effects": "2024-06-01 15:30:59 -0500"
    },
    "done": true
  },
  "byg:root": {
    "criteria": {
      "tick": "2024-05-15 00:07:58 -0500"
    },
    "done": true
  },
  "minecraft:story/obtain_armor": {
    "criteria": {
      "iron_boots": "2024-05-15 16:27:10 -0500"
    },
    "done": true
  },
  "the_bumblezone:the_bumblezone/root": {
    "criteria": {
      "instant_granted": "2024-05-15 15:59:30 -0500"
    },
    "done": true
  },
  "byg:adventure/oh_the_biomes_youll_go": {
    "criteria": {
      "byg:allium_fields": "2024-06-06 22:55:00 -0500",
      "byg:rainbow_beach": "2024-06-06 22:55:05 -0500",
      "byg:wailing_garth": "2024-06-08 18:15:35 -0500",
      "byg:autumnal_valley": "2024-06-08 12:32:39 -0500",
      "byg:aspen_forest": "2024-06-08 12:31:45 -0500",
      "byg:skyris_vale": "2024-06-08 12:25:14 -0500",
      "byg:crimson_gardens": "2024-06-08 16:32:26 -0500",
      "byg:amaranth_fields": "2024-06-06 22:55:29 -0500",
      "byg:brimstone_caverns": "2024-06-08 16:54:53 -0500",
      "byg:basalt_barrera": "2024-06-06 22:55:04 -0500",
      "byg:lush_stacks": "2024-06-06 23:12:36 -0500",
      "byg:maple_taiga": "2024-06-08 12:35:02 -0500"
    },
    "done": false
  },
  "tombstone:recipes/from_grave_dust": {
    "criteria": {
      "has_ingredient": "2024-05-15 13:04:13 -0500"
    },
    "done": true
  },
  "regions_unexplored:parent": {
    "criteria": {
      "load_in_world": "2024-05-15 00:07:59 -0500"
    },
    "done": true
  },
  "minecraft:adventure/ol_betsy": {
    "criteria": {
      "shot_crossbow": "2024-05-15 15:38:35 -0500"
    },
    "done": true
  },
  "minecraft:nether/obtain_blaze_rod": {
    "criteria": {
      "blaze_rod": "2024-06-08 18:00:26 -0500"
    },
    "done": true
  },
  "biomesoplenty:biomesoplenty/all_biomes": {
    "criteria": {
      "shrubland": "2024-06-06 22:07:02 -0500",
      "highland": "2024-05-15 15:04:21 -0500",
      "maple_woods": "2024-05-15 00:07:59 -0500",
      "field": "2024-05-16 16:16:35 -0500",
      "orchard": "2024-06-01 11:21:37 -0500",
      "coniferous_forest": "2024-05-16 17:06:45 -0500",
      "forested_field": "2024-05-16 16:15:52 -0500",
      "redwood_forest": "2024-06-01 11:38:49 -0500",
      "cherry_blossom_grove": "2024-06-01 11:39:47 -0500",
      "seasonal_forest": "2024-05-15 15:11:47 -0500",
      "fir_clearing": "2024-05-16 17:33:39 -0500",
      "pumpkin_patch": "2024-05-15 18:38:16 -0500",
      "grassland": "2024-06-01 11:40:00 -0500",
      "glowing_grotto": "2024-06-01 12:36:35 -0500"
    },
    "done": false
  },
  "minecraft:story/mine_stone": {
    "criteria": {
      "get_stone": "2024-05-15 15:19:15 -0500"
    },
    "done": true
  },
  "quark:mine_toretoise": {
    "criteria": {
      "mine_toretoise": "2024-06-01 13:19:50 -0500"
    },
    "done": true
  },
  "alexsmobs:alexsmobs/grizzly_bear": {
    "criteria": {
      "killed_by": "2024-05-15 14:54:36 -0500"
    },
    "done": true
  },
  "tombstone:adventure/create_magic_scroll": {
    "criteria": {
      "has_magic_scroll": "2024-06-06 21:51:59 -0500"
    },
    "done": true
  },
  "byg:husbandry/root": {
    "criteria": {
      "consumed_item": "2024-05-15 00:10:32 -0500"
    },
    "done": true
  },
  "minecraft:adventure/adventuring_time": {
    "criteria": {
      "minecraft:old_growth_pine_taiga": "2024-05-17 22:49:40 -0500",
      "minecraft:taiga": "2024-05-17 22:48:25 -0500",
      "minecraft:deep_ocean": "2024-06-06 23:17:29 -0500",
      "minecraft:birch_forest": "2024-06-01 10:58:46 -0500",
      "minecraft:beach": "2024-05-15 14:53:19 -0500",
      "minecraft:river": "2024-05-15 00:12:12 -0500",
      "minecraft:lukewarm_ocean": "2024-06-06 22:58:50 -0500",
      "minecraft:stony_shore": "2024-05-16 18:18:56 -0500",
      "autumnity:maple_forest": "2024-05-16 17:35:47 -0500",
      "minecraft:grove": "2024-05-16 18:25:12 -0500",
      "minecraft:cold_ocean": "2024-05-15 15:36:53 -0500",
      "minecraft:forest": "2024-06-01 10:53:33 -0500",
      "minecraft:lush_caves": "2024-05-17 22:45:36 -0500",
      "minecraft:deep_cold_ocean": "2024-06-08 10:44:32 -0500",
      "minecraft:ocean": "2024-06-06 21:00:42 -0500",
      "minecraft:old_growth_spruce_taiga": "2024-05-16 18:27:14 -0500",
      "minecraft:deep_lukewarm_ocean": "2024-06-06 22:59:23 -0500",
      "minecraft:old_growth_birch_forest": "2024-06-01 10:58:34 -0500"
    },
    "done": false
  },
  "tombstone:adventure/combine_in_inventory": {
    "criteria": {
      "coded_trigger": "2024-05-15 18:33:24 -0500"
    },
    "done": true
  },
  "tombstone:adventure/strong_or_careful": {
    "criteria": {
      "coded_trigger": "2024-05-16 16:54:10 -0500"
    },
    "done": true
  },
  "minecraft:adventure/sleep_in_bed": {
    "criteria": {
      "slept_in_bed": "2024-05-15 13:21:17 -0500"
    },
    "done": true
  },
  "minecraft:story/lava_bucket": {
    "criteria": {
      "lava_bucket": "2024-05-16 18:23:34 -0500"
    },
    "done": true
  },
  "minecraft:husbandry/root": {
    "criteria": {
      "consumed_item": "2024-05-15 00:10:32 -0500"
    },
    "done": true
  },
  "minecraft:nether/loot_bastion": {
    "criteria": {
      "loot_bastion_other": "2024-06-08 16:56:52 -0500"
    },
    "done": true
  },
  "majruszsdifficulty:creeperling": {
    "criteria": {
      "encountered_creeperling": "2024-06-08 10:41:07 -0500"
    },
    "done": true
  },
  "dungeons_arise:find_keep_kayra": {
    "criteria": {
      "location0": "2024-05-15 13:02:07 -0500"
    },
    "done": true
  },
  "minecraft:adventure/root": {
    "criteria": {
      "killed_by_something": "2024-05-15 13:03:29 -0500"
    },
    "done": true
  },
  "minecraft:husbandry/plant_seed": {
    "criteria": {
      "supplementaries:flax": "2024-05-15 18:42:01 -0500"
    },
    "done": true
  },
  "minecraft:nether/find_bastion": {
    "criteria": {
      "bastion": "2024-06-08 16:33:08 -0500"
    },
    "done": true
  },
  "the_bumblezone:the_bumblezone/combs_and_beeswax/comb_cutter_tool": {
    "criteria": {
      "comb_cutter_tool": "2024-06-08 16:56:59 -0500"
    },
    "done": true
  },
  "minecraft:adventure/shoot_arrow": {
    "criteria": {
      "shot_arrow": "2024-05-15 15:38:36 -0500"
    },
    "done": true
  },
  "tombstone:adventure/discreet_search": {
    "criteria": {
      "coded_trigger": "2024-05-16 16:55:43 -0500"
    },
    "done": true
  },
  "regions_unexplored:spelunker": {
    "criteria": {
      "bioshroom_caves": "2024-06-01 13:37:08 -0500"
    },
    "done": false
  },
  "tombstone:adventure/enchant_grave_key": {
    "criteria": {
      "has_upgraded_grave_key": "2024-06-01 11:05:24 -0500"
    },
    "done": true
  },
  "tombstone:adventure/village_defender": {
    "criteria": {
      "coded_trigger": "2024-05-16 17:55:18 -0500"
    },
    "done": true
  },
  "awesomedungeonocean:ocean_the_column_temple/find_normal": {
    "criteria": {
      "requirement": "2024-06-06 23:21:07 -0500"
    },
    "done": true
  },
  "minecraft:adventure/kill_all_mobs": {
    "criteria": {
      "minecraft:pillager": "2024-05-15 15:21:06 -0500",
      "minecraft:blaze": "2024-06-08 17:50:29 -0500",
      "minecraft:skeleton": "2024-05-15 15:12:03 -0500",
      "savage_and_ravage:creepie": "2024-05-15 16:08:40 -0500",
      "minecraft:ravager": "2024-05-16 17:49:24 -0500",
      "savage_and_ravage:executioner": "2024-05-16 17:47:52 -0500",
      "minecraft:hoglin": "2024-06-08 17:11:33 -0500",
      "minecraft:vindicator": "2024-05-15 16:07:38 -0500",
      "minecraft:magma_cube": "2024-06-08 16:35:04 -0500",
      "minecraft:spider": "2024-05-15 15:12:16 -0500",
      "minecraft:piglin_brute": "2024-06-08 17:05:28 -0500",
      "minecraft:creeper": "2024-05-15 15:13:03 -0500",
      "savage_and_ravage:trickster": "2024-05-16 17:53:26 -0500",
      "minecraft:slime": "2024-05-15 16:25:54 -0500",
      "minecraft:evoker": "2024-05-16 17:52:30 -0500",
      "minecraft:witch": "2024-05-16 17:50:12 -0500",
      "minecraft:wither_skeleton": "2024-05-15 17:42:22 -0500",
      "minecraft:husk": "2024-05-15 16:21:37 -0500",
      "minecraft:cave_spider": "2024-05-16 16:41:06 -0500",
      "quark:wraith": "2024-06-01 16:02:37 -0500",
      "minecraft:piglin": "2024-06-08 17:07:17 -0500",
      "minecraft:enderman": "2024-05-15 13:12:04 -0500",
      "minecraft:stray": "2024-05-15 17:39:51 -0500",
      "minecraft:vex": "2024-05-16 18:01:05 -0500",
      "minecraft:zombie": "2024-05-15 14:45:49 -0500",
      "minecraft:drowned": "2024-05-17 22:56:17 -0500",
      "minecraft:zombie_villager": "2024-05-15 18:18:29 -0500"
    },
    "done": false
  },
  "awesomedungeonocean:root": {
    "criteria": {
      "awesomedungeonocean:ocean_quad": "2024-06-01 15:21:05 -0500"
    },
    "done": true
  },
  "minecraft:story/enter_the_nether": {
    "criteria": {
      "entered_nether": "2024-06-08 16:32:26 -0500"
    },
    "done": true
  },
  "awesomedungeonocean:ocean_quad/find_normal": {
    "criteria": {
      "requirement": "2024-06-01 15:21:05 -0500"
    },
    "done": true
  },
  "dungeons_arise:wda_root": {
    "criteria": {
      "WDA": "2024-05-15 00:07:58 -0500"
    },
    "done": true
  },
  "minecraft:adventure/whos_the_pillager_now": {
    "criteria": {
      "kill_pillager": "2024-05-16 17:55:57 -0500"
    },
    "done": true
  },
  "tombstone:adventure/choose_knowledge": {
    "criteria": {
      "coded_trigger": "2024-05-16 16:25:37 -0500"
    },
    "done": true
  },
  "minecraft:adventure/trade": {
    "criteria": {
      "traded": "2024-05-17 22:39:03 -0500"
    },
    "done": true
  },
  "tombstone:adventure/choose_grave_type": {
    "criteria": {
      "coded_trigger": "2024-06-08 11:26:44 -0500"
    },
    "done": true
  },
  "byg:husbandry/granny_smith": {
    "criteria": {
      "green_apple": "2024-06-08 12:27:59 -0500"
    },
    "done": true
  },
  "majruszsdifficulty:bleeding": {
    "criteria": {
      "bleeding_applied": "2024-05-15 13:03:26 -0500"
    },
    "done": true
  },
  "minecraft:nether/explore_nether": {
    "criteria": {
      "minecraft:crimson_forest": "2024-06-08 18:17:41 -0500"
    },
    "done": false
  },
  "minecraft:adventure/voluntary_exile": {
    "criteria": {
      "voluntary_exile": "2024-05-15 15:21:06 -0500"
    },
    "done": true
  },
  "create:root": {
    "criteria": {
      "0": "2024-05-15 00:07:58 -0500"
    },
    "done": true
  },
  "betterdeserttemples:root": {
    "criteria": {
      "always": "2024-05-15 00:07:58 -0500"
    },
    "done": true
  },
  "alexsmobs:alexsmobs/lost_tentacle": {
    "criteria": {
      "capsid": "2024-06-08 11:35:23 -0500"
    },
    "done": true
  },
  "regions_unexplored:eternal_expedition": {
    "criteria": {
      "blackstone_basin": "2024-06-08 18:29:25 -0500"
    },
    "done": false
  },
  "tombstone:adventure/first_knowledge": {
    "criteria": {
      "coded_trigger": "2024-05-15 14:44:07 -0500"
    },
    "done": true
  },
  "minecraft:story/mine_diamond": {
    "criteria": {
      "diamond": "2024-05-15 16:35:25 -0500"
    },
    "done": true
  },
  "alexsmobs:alexsmobs/root": {
    "criteria": {
      "useitem": "2024-05-15 00:10:32 -0500"
    },
    "done": true
  },
  "minecraft:story/smelt_iron": {
    "criteria": {
      "iron": "2024-05-15 15:10:33 -0500"
    },
    "done": true
  },
  "supplementaries:adventure/way_sign": {
    "criteria": {
      "bastion": "2024-05-16 16:15:43 -0500"
    },
    "done": true
  },
  "betterdungeons:spider_dungeon": {
    "criteria": {
      "in_better_spider_dungeon": "2024-05-15 15:02:32 -0500"
    },
    "done": true
  },
  "tombstone:adventure/vanishing": {
    "criteria": {
      "coded_trigger": "2024-05-15 18:33:37 -0500"
    },
    "done": true
  },
  "alexsmobs:alexsmobs/crimson_mosquito": {
    "criteria": {
      "killed_by": "2024-06-08 16:36:29 -0500"
    },
    "done": true
  },
  "majruszsdifficulty:bleeding_healed": {
    "criteria": {
      "bleeding_healed": "2024-05-15 16:17:12 -0500"
    },
    "done": true
  },
  "awesomedungeonocean:ocean_temple_quad/find_normal": {
    "criteria": {
      "requirement": "2024-06-08 11:02:10 -0500"
    },
    "done": true
  },
  "majruszsdifficulty:game_stage_normal": {
    "criteria": {
      "is_triggered": "2024-05-15 00:07:58 -0500"
    },
    "done": true
  },
  "minecraft:husbandry/tame_an_animal": {
    "criteria": {
      "tamed_animal": "2024-05-15 15:15:31 -0500"
    },
    "done": true
  },
  "tombstone:adventure/ambush": {
    "criteria": {
      "coded_trigger": "2024-05-15 15:21:06 -0500"
    },
    "done": true
  },
  "byg:husbandry/forager": {
    "criteria": {
      "white_puffball_cap": "2024-05-16 17:11:32 -0500"
    },
    "done": true
  },
  "DataVersion": 3120
}