{
  "the_bumblezone:the_bumblezone/teleportation/is_near_beehive": {
    "criteria": {
      "is_near_beehive": "2024-06-01 15:00:39 -0500"
    },
    "done": true
  },
  "the_bumblezone:the_bumblezone/teleportation/teleport_to_bumblezone_pearl": {
    "criteria": {
      "teleport_to_bumblezone_pearl": "2024-06-08 15:50:34 -0500"
    },
    "done": true
  },
  "tombstone:adventure/ashes_and_bones": {
    "criteria": {
      "coded_trigger": "2024-05-15 17:04:18 -0500"
    },
    "done": true
  },
  "minecraft:husbandry/tactical_fishing": {
    "criteria": {
      "upgrade_aquatic:pike_bucket": "2024-05-15 15:43:20 -0500"
    },
    "done": true
  },
  "create:copper": {
    "criteria": {
      "0": "2024-06-01 16:40:46 -0500"
    },
    "done": true
  },
  "minecraft:nether/root": {
    "criteria": {
      "entered_nether": "2024-06-08 16:51:17 -0500"
    },
    "done": true
  },
  "upgrade_aquatic:husbandry/collect_all_pike": {
    "criteria": {
      "12": "2024-05-15 15:43:11 -0500"
    },
    "done": false
  },
  "alexsmobs:alexsmobs/banana_slug": {
    "criteria": {
      "killed": "2024-06-01 14:48:07 -0500"
    },
    "done": true
  },
  "nourished_nether:nourished_nether_root": {
    "criteria": {
      "nourished_nether_root": "2024-06-08 16:51:17 -0500"
    },
    "done": true
  },
  "minecraft:nether/find_fortress": {
    "criteria": {
      "in_better_fortress": "2024-06-08 17:56:49 -0500"
    },
    "done": true
  },
  "idas:bearclaw_inn": {
    "criteria": {
      "in_bearclaw_inn": "2024-06-01 14:48:33 -0500"
    },
    "done": true
  },
  "minecraft:story/shiny_gear": {
    "criteria": {
      "diamond_boots": "2024-05-15 17:46:42 -0500"
    },
    "done": true
  },
  "regions_unexplored:got_wood": {
    "criteria": {
      "larch_log": "2024-05-15 16:04:34 -0500"
    },
    "done": false
  },
  "tombstone:adventure/cancel_ghostly_shape": {
    "criteria": {
      "coded_trigger": "2024-05-15 16:26:11 -0500"
    },
    "done": true
  },
  "the_bumblezone:the_bumblezone/teleportation/teleport_out_of_bumblezone": {
    "criteria": {
      "teleport_out_of_bumblezone": "2024-06-08 15:57:53 -0500"
    },
    "done": true
  },
  "minecraft:story/deflect_arrow": {
    "criteria": {
      "deflected_projectile": "2024-05-15 16:54:06 -0500"
    },
    "done": true
  },
  "betterdungeons:skeleton_dungeon": {
    "criteria": {
      "in_better_skeleton_dungeon": "2024-06-01 13:29:31 -0500"
    },
    "done": true
  },
  "betterdungeons:all_dungeons": {
    "criteria": {
      "in_better_spider_dungeon": "2024-05-15 15:45:12 -0500",
      "in_better_skeleton_dungeon": "2024-06-01 13:29:31 -0500"
    },
    "done": false
  },
  "majruszsdifficulty:bleeding_inflicted": {
    "criteria": {
      "bleeding_applied": "2024-05-15 15:49:57 -0500"
    },
    "done": true
  },
  "tombstone:adventure/root": {
    "criteria": {
      "auto": "2024-05-15 15:40:21 -0500"
    },
    "done": true
  },
  "tombstone:adventure/bone_crusher": {
    "criteria": {
      "coded_trigger": "2024-06-01 14:00:34 -0500"
    },
    "done": true
  },
  "cataclysm:root": {
    "criteria": {
      "custom_test_name": "2024-05-15 15:40:20 -0500"
    },
    "done": true
  },
  "tombstone:adventure/chain_death": {
    "criteria": {
      "coded_trigger": "2024-05-15 16:44:54 -0500"
    },
    "done": true
  },
  "tombstone:adventure/find_grave_dust": {
    "criteria": {
      "from_undead": "2024-05-15 17:04:18 -0500"
    },
    "done": true
  },
  "awesomedungeonocean:ocean_ruin_pillager/find_normal": {
    "criteria": {
      "requirement": "2024-06-01 15:08:42 -0500"
    },
    "done": true
  },
  "alexsmobs:alexsmobs/skelewag": {
    "criteria": {
      "killed_by": "2024-06-06 22:00:01 -0500"
    },
    "done": true
  },
  "majruszsdifficulty:game_stage_expert": {
    "criteria": {
      "is_triggered": "2024-06-08 15:49:50 -0500"
    },
    "done": true
  },
  "minecraft:husbandry/balanced_diet": {
    "criteria": {
      "neapolitan:banana": "2024-05-15 18:47:06 -0500",
      "cookie": "2024-06-01 15:27:35 -0500",
      "neapolitan:vanilla_fudge": "2024-06-06 22:16:26 -0500",
      "neapolitan:strawberry_scones": "2024-06-08 17:50:53 -0500",
      "potato": "2024-05-15 16:28:37 -0500",
      "golden_apple": "2024-05-15 18:00:57 -0500",
      "bread": "2024-06-01 13:24:08 -0500",
      "rotten_flesh": "2024-05-15 16:16:01 -0500",
      "melon_slice": "2024-05-15 17:41:36 -0500",
      "neapolitan:strawberries": "2024-06-08 19:22:27 -0500",
      "environmental:cooked_venison": "2024-05-15 16:15:13 -0500",
      "sweet_berries": "2024-05-15 16:18:51 -0500",
      "supplementaries:candy": "2024-06-01 16:42:20 -0500",
      "golden_carrot": "2024-06-08 19:12:47 -0500",
      "upgrade_aquatic:pike": "2024-05-15 15:44:46 -0500"
    },
    "done": false
  },
  "tombstone:recipes/from_grave_key": {
    "criteria": {
      "has_ingredient": "2024-05-15 16:26:08 -0500"
    },
    "done": true
  },
  "alexsmobs:alexsmobs/banana": {
    "criteria": {
      "banana": "2024-05-15 18:42:29 -0500"
    },
    "done": true
  },
  "tombstone:adventure/teleport_to_grave": {
    "criteria": {
      "coded_trigger": "2024-06-08 18:42:14 -0500"
    },
    "done": true
  },
  "regions_unexplored:regions_explored": {
    "criteria": {
      "shrubland": "2024-06-06 21:54:26 -0500",
      "muddy_river": "2024-05-15 15:45:12 -0500",
      "willow_forest": "2024-06-06 21:53:16 -0500",
      "rocky_meadow": "2024-06-06 21:53:29 -0500",
      "highland_fields": "2024-06-06 21:54:10 -0500",
      "maple_forest": "2024-06-01 15:16:39 -0500",
      "boreal_forest": "2024-05-15 15:44:29 -0500",
      "blackstone_basin": "2024-06-08 18:29:20 -0500",
      "temperate_grove": "2024-06-06 21:57:34 -0500",
      "gravel_beach": "2024-06-01 14:57:34 -0500",
      "golden_boreal_taiga": "2024-05-15 16:04:24 -0500",
      "bioshroom_caves": "2024-06-01 13:37:08 -0500"
    },
    "done": false
  },
  "biomesoplenty:biomesoplenty/root": {
    "criteria": {
      "maple_woods": "2024-05-15 15:40:21 -0500"
    },
    "done": true
  },
  "the_bumblezone:the_bumblezone/wiki": {
    "criteria": {
      "instant_granted": "2024-05-15 16:03:42 -0500"
    },
    "done": true
  },
  "savage_and_ravage:adventure/creeper_spores": {
    "criteria": {
      "creeper_spores": "2024-05-15 16:18:02 -0500"
    },
    "done": true
  },
  "minecraft:story/iron_tools": {
    "criteria": {
      "iron_pickaxe": "2024-05-15 16:32:17 -0500"
    },
    "done": true
  },
  "awesomedungeonocean:ocean_the_column_temple/find_during_rain": {
    "criteria": {
      "requirement": "2024-06-08 15:35:17 -0500"
    },
    "done": true
  },
  "alexsmobs:alexsmobs/murmur": {
    "criteria": {
      "killed_by": "2024-06-01 16:25:34 -0500"
    },
    "done": true
  },
  "tombstone:adventure/first_grave": {
    "criteria": {
      "coded_trigger": "2024-05-15 16:26:05 -0500"
    },
    "done": true
  },
  "minecraft:story/root": {
    "criteria": {
      "crafting_table": "2024-05-15 16:28:50 -0500"
    },
    "done": true
  },
  "dungeons_arise:find_greenwood_pub": {
    "criteria": {
      "location0": "2024-06-01 15:44:56 -0500"
    },
    "done": true
  },
  "regions_unexplored:pioneer": {
    "criteria": {
      "shrubland": "2024-06-06 21:54:26 -0500",
      "muddy_river": "2024-05-15 15:45:12 -0500",
      "willow_forest": "2024-06-06 21:53:16 -0500",
      "rocky_meadow": "2024-06-06 21:53:29 -0500",
      "highland_fields": "2024-06-06 21:54:10 -0500",
      "maple_forest": "2024-06-01 15:16:39 -0500",
      "boreal_forest": "2024-05-15 15:44:29 -0500",
      "temperate_grove": "2024-06-06 21:57:34 -0500",
      "gravel_beach": "2024-06-01 14:57:34 -0500",
      "golden_boreal_taiga": "2024-05-15 16:04:24 -0500"
    },
    "done": false
  },
  "environmental:adventure/obtain_explorer_gear": {
    "criteria": {
      "healer_pouch": "2024-05-15 16:47:16 -0500"
    },
    "done": true
  },
  "minecraft:story/form_obsidian": {
    "criteria": {
      "obsidian": "2024-06-06 22:02:05 -0500"
    },
    "done": true
  },
  "awesomedungeonocean:ocean_ruin_pillager/find_during_rain": {
    "criteria": {
      "requirement": "2024-06-08 15:26:13 -0500"
    },
    "done": true
  },
  "dungeons_arise:find_typhon": {
    "criteria": {
      "location0": "2024-06-08 15:42:02 -0500"
    },
    "done": true
  },
  "idas:idas_root": {
    "criteria": {
      "always": "2024-05-15 15:40:20 -0500"
    },
    "done": true
  },
  "betterdungeons:root": {
    "criteria": {
      "always": "2024-05-15 15:40:20 -0500"
    },
    "done": true
  },
  "minecraft:adventure/kill_a_mob": {
    "criteria": {
      "savage_and_ravage:creepie": "2024-05-15 16:08:23 -0500"
    },
    "done": true
  },
  "alexsmobs:alexsmobs/seagull_steal": {
    "criteria": {
      "ex": "2024-05-15 16:29:07 -0500"
    },
    "done": true
  },
  "alexsmobs:alexsmobs/orcas_might": {
    "criteria": {
      "all_effects": "2024-06-01 15:05:18 -0500"
    },
    "done": true
  },
  "byg:root": {
    "criteria": {
      "tick": "2024-05-15 15:40:20 -0500"
    },
    "done": true
  },
  "minecraft:story/obtain_armor": {
    "criteria": {
      "iron_leggings": "2024-05-15 16:26:51 -0500"
    },
    "done": true
  },
  "the_bumblezone:the_bumblezone/root": {
    "criteria": {
      "instant_granted": "2024-05-15 16:03:42 -0500"
    },
    "done": true
  },
  "byg:adventure/oh_the_biomes_youll_go": {
    "criteria": {
      "byg:wailing_garth": "2024-06-08 18:15:33 -0500",
      "byg:crimson_gardens": "2024-06-08 16:51:17 -0500",
      "byg:brimstone_caverns": "2024-06-08 17:21:13 -0500"
    },
    "done": false
  },
  "tombstone:recipes/from_grave_dust": {
    "criteria": {
      "has_ingredient": "2024-05-15 16:26:16 -0500"
    },
    "done": true
  },
  "regions_unexplored:parent": {
    "criteria": {
      "load_in_world": "2024-05-15 15:40:21 -0500"
    },
    "done": true
  },
  "minecraft:adventure/ol_betsy": {
    "criteria": {
      "shot_crossbow": "2024-06-08 17:28:57 -0500"
    },
    "done": true
  },
  "biomesoplenty:biomesoplenty/all_biomes": {
    "criteria": {
      "shrubland": "2024-06-06 22:08:26 -0500",
      "maple_woods": "2024-05-15 15:40:21 -0500",
      "field": "2024-06-01 14:43:54 -0500",
      "orchard": "2024-06-01 15:58:03 -0500",
      "redwood_forest": "2024-06-06 21:53:13 -0500",
      "glowing_grotto": "2024-06-01 13:14:30 -0500"
    },
    "done": false
  },
  "minecraft:story/mine_stone": {
    "criteria": {
      "get_stone": "2024-05-15 16:16:21 -0500"
    },
    "done": true
  },
  "awesomedungeonocean:ocean_quad/find_during_storm": {
    "criteria": {
      "requirement": "2024-06-01 15:02:53 -0500"
    },
    "done": true
  },
  "tombstone:adventure/create_magic_scroll": {
    "criteria": {
      "has_magic_scroll": "2024-06-06 21:55:19 -0500"
    },
    "done": true
  },
  "byg:husbandry/root": {
    "criteria": {
      "consumed_item": "2024-05-15 15:44:46 -0500"
    },
    "done": true
  },
  "minecraft:adventure/adventuring_time": {
    "criteria": {
      "minecraft:taiga": "2024-06-01 14:57:02 -0500",
      "minecraft:deep_ocean": "2024-06-08 15:26:50 -0500",
      "minecraft:birch_forest": "2024-06-01 15:57:36 -0500",
      "minecraft:beach": "2024-05-15 16:10:56 -0500",
      "minecraft:river": "2024-05-15 16:24:38 -0500",
      "minecraft:stony_shore": "2024-06-01 14:47:04 -0500",
      "minecraft:cold_ocean": "2024-06-01 14:58:06 -0500",
      "minecraft:forest": "2024-06-01 15:55:59 -0500",
      "minecraft:deep_cold_ocean": "2024-06-08 15:34:26 -0500",
      "minecraft:ocean": "2024-06-06 21:58:14 -0500",
      "minecraft:old_growth_spruce_taiga": "2024-06-01 14:47:49 -0500",
      "minecraft:old_growth_birch_forest": "2024-06-01 15:56:14 -0500"
    },
    "done": false
  },
  "tombstone:adventure/combine_in_inventory": {
    "criteria": {
      "coded_trigger": "2024-05-15 18:37:12 -0500"
    },
    "done": true
  },
  "tombstone:adventure/strong_or_careful": {
    "criteria": {
      "coded_trigger": "2024-06-01 13:30:05 -0500"
    },
    "done": true
  },
  "minecraft:adventure/sleep_in_bed": {
    "criteria": {
      "slept_in_bed": "2024-05-15 16:16:33 -0500"
    },
    "done": true
  },
  "tombstone:adventure/create_familiar_receptacle": {
    "criteria": {
      "has_familiar_receptacle": "2024-06-08 15:37:57 -0500"
    },
    "done": true
  },
  "minecraft:husbandry/root": {
    "criteria": {
      "consumed_item": "2024-05-15 15:44:46 -0500"
    },
    "done": true
  },
  "minecraft:nether/loot_bastion": {
    "criteria": {
      "loot_bastion_hoglin_stable": "2024-06-08 17:15:18 -0500"
    },
    "done": true
  },
  "tombstone:adventure/easy_opening": {
    "criteria": {
      "coded_trigger": "2024-06-01 14:06:11 -0500"
    },
    "done": true
  },
  "awesomedungeonocean:ocean_quad/find_during_rain": {
    "criteria": {
      "requirement": "2024-06-01 15:02:53 -0500"
    },
    "done": true
  },
  "majruszsdifficulty:creeperling": {
    "criteria": {
      "encountered_creeperling": "2024-05-15 16:12:10 -0500"
    },
    "done": true
  },
  "dungeons_arise:find_keep_kayra": {
    "criteria": {
      "location0": "2024-05-15 16:22:44 -0500"
    },
    "done": true
  },
  "minecraft:adventure/root": {
    "criteria": {
      "killed_something": "2024-05-15 15:50:03 -0500"
    },
    "done": true
  },
  "minecraft:husbandry/plant_seed": {
    "criteria": {
      "supplementaries:flax": "2024-05-15 18:44:42 -0500"
    },
    "done": true
  },
  "minecraft:nether/find_bastion": {
    "criteria": {
      "bastion": "2024-06-08 16:51:37 -0500"
    },
    "done": true
  },
  "minecraft:husbandry/axolotl_in_a_bucket": {
    "criteria": {
      "axolotl_bucket": "2024-06-01 16:29:01 -0500"
    },
    "done": true
  },
  "the_bumblezone:the_bumblezone/combs_and_beeswax/comb_cutter_tool": {
    "criteria": {
      "comb_cutter_tool": "2024-06-08 17:13:29 -0500"
    },
    "done": true
  },
  "minecraft:adventure/shoot_arrow": {
    "criteria": {
      "shot_arrow": "2024-05-15 17:47:46 -0500"
    },
    "done": true
  },
  "regions_unexplored:spelunker": {
    "criteria": {
      "bioshroom_caves": "2024-06-01 13:37:08 -0500"
    },
    "done": false
  },
  "tombstone:adventure/enchant_grave_key": {
    "criteria": {
      "has_upgraded_grave_key": "2024-06-08 18:42:05 -0500"
    },
    "done": true
  },
  "awesomedungeonocean:ocean_the_column_temple/find_normal": {
    "criteria": {
      "requirement": "2024-06-08 15:35:17 -0500"
    },
    "done": true
  },
  "minecraft:adventure/kill_all_mobs": {
    "criteria": {
      "minecraft:pillager": "2024-05-15 16:17:10 -0500",
      "minecraft:blaze": "2024-06-08 17:51:37 -0500",
      "minecraft:skeleton": "2024-05-15 16:38:19 -0500",
      "savage_and_ravage:creepie": "2024-05-15 16:08:23 -0500",
      "minecraft:hoglin": "2024-06-08 16:54:18 -0500",
      "minecraft:magma_cube": "2024-06-08 17:06:53 -0500",
      "minecraft:spider": "2024-05-15 16:31:25 -0500",
      "minecraft:piglin_brute": "2024-06-08 17:14:26 -0500",
      "minecraft:creeper": "2024-05-15 16:36:45 -0500",
      "minecraft:slime": "2024-05-15 17:44:50 -0500",
      "minecraft:wither_skeleton": "2024-06-08 18:35:10 -0500",
      "minecraft:husk": "2024-06-08 15:20:01 -0500",
      "minecraft:cave_spider": "2024-06-01 16:20:34 -0500",
      "quark:wraith": "2024-06-01 16:33:05 -0500",
      "minecraft:piglin": "2024-06-08 17:07:15 -0500",
      "minecraft:stray": "2024-05-15 17:37:10 -0500",
      "minecraft:enderman": "2024-06-08 16:20:59 -0500",
      "minecraft:zombie": "2024-05-15 16:14:04 -0500",
      "minecraft:drowned": "2024-06-01 15:01:28 -0500"
    },
    "done": false
  },
  "awesomedungeonocean:root": {
    "criteria": {
      "awesomedungeonocean:ocean_quad": "2024-06-01 15:02:53 -0500"
    },
    "done": true
  },
  "awesomedungeonocean:ocean_temple_quad/find_during_rain": {
    "criteria": {
      "requirement": "2024-06-08 15:27:13 -0500"
    },
    "done": true
  },
  "minecraft:story/enter_the_nether": {
    "criteria": {
      "entered_nether": "2024-06-08 16:51:17 -0500"
    },
    "done": true
  },
  "awesomedungeonocean:ocean_quad/find_normal": {
    "criteria": {
      "requirement": "2024-06-01 15:02:53 -0500"
    },
    "done": true
  },
  "dungeons_arise:wda_root": {
    "criteria": {
      "WDA": "2024-05-15 15:40:20 -0500"
    },
    "done": true
  },
  "tombstone:adventure/choose_knowledge": {
    "criteria": {
      "coded_trigger": "2024-06-08 18:39:55 -0500"
    },
    "done": true
  },
  "majruszsdifficulty:bleeding": {
    "criteria": {
      "bleeding_applied": "2024-05-15 16:42:55 -0500"
    },
    "done": true
  },
  "minecraft:nether/explore_nether": {
    "criteria": {
      "minecraft:crimson_forest": "2024-06-08 18:17:44 -0500"
    },
    "done": false
  },
  "create:root": {
    "criteria": {
      "0": "2024-05-15 15:40:20 -0500"
    },
    "done": true
  },
  "betterdeserttemples:root": {
    "criteria": {
      "always": "2024-05-15 15:40:20 -0500"
    },
    "done": true
  },
  "regions_unexplored:eternal_expedition": {
    "criteria": {
      "blackstone_basin": "2024-06-08 18:29:20 -0500"
    },
    "done": false
  },
  "tombstone:adventure/first_knowledge": {
    "criteria": {
      "coded_trigger": "2024-05-15 16:07:41 -0500"
    },
    "done": true
  },
  "minecraft:story/mine_diamond": {
    "criteria": {
      "diamond": "2024-05-15 17:46:44 -0500"
    },
    "done": true
  },
  "minecraft:story/smelt_iron": {
    "criteria": {
      "iron": "2024-05-15 16:27:44 -0500"
    },
    "done": true
  },
  "betterdungeons:spider_dungeon": {
    "criteria": {
      "in_better_spider_dungeon": "2024-05-15 15:45:12 -0500"
    },
    "done": true
  },
  "tombstone:adventure/vanishing": {
    "criteria": {
      "coded_trigger": "2024-05-15 18:41:29 -0500"
    },
    "done": true
  },
  "alexsmobs:alexsmobs/fish_bones": {
    "criteria": {
      "sopa_de_macaco": "2024-06-06 22:00:04 -0500"
    },
    "done": true
  },
  "alexsmobs:alexsmobs/crimson_mosquito": {
    "criteria": {
      "killed_by": "2024-06-08 17:15:30 -0500"
    },
    "done": true
  },
  "awesomedungeonocean:ocean_temple_quad/find_normal": {
    "criteria": {
      "requirement": "2024-06-08 15:27:13 -0500"
    },
    "done": true
  },
  "majruszsdifficulty:game_stage_normal": {
    "criteria": {
      "is_triggered": "2024-05-15 15:40:20 -0500"
    },
    "done": true
  },
  "tombstone:adventure/ambush": {
    "criteria": {
      "coded_trigger": "2024-05-15 16:07:41 -0500"
    },
    "done": true
  },
  "DataVersion": 3120
}